freq_GHz,hfss_s11_db,hfss_s21_db,AWE15_s11_db,AWE15_s21_db,AWE15_err_s11_db,AWE15_err_s21_db,GAWE30_s11_db,GAWE30_s21_db,GAWE30_err_s11_db,GAWE30_err_s21_db,WCAWE30_s11_db,WCAWE30_s21_db,WCAWE30_err_s11_db,WCAWE30_err_s21_db
40,-0.4048420721224632,-10.505835426352741,-0.4048679729449266,-10.505746172057213,-0.00002590082246339831,0.00008925429552775199,-0.4048507059370986,-10.505747066833408,-0.00000863381463539481,0.0000883595193332809,-0.40485070593776035,-10.505747113066747,-0.000008633815297143244,0.00008831328599434585
40.03,-0.5551030216285869,-9.208702791299645,-0.5551305866659139,-9.208624117995157,-0.0000275650373269265,0.00007867330448796395,-0.5551136463591199,-9.20862487382982,-0.000010624730532926563,0.00007791746982555026,-0.5551136463596605,-9.20862491028911,-0.000010624731073605176,0.00007788101053485263
40.06,-0.7688113774408818,-7.898381468378137,-0.7688405197824761,-7.898315760369692,-0.000029142341594345922,0.0000657080084449646,-0.7688239828636778,-7.898316384276523,-0.000012605422796019283,0.00006508410161387701,-0.7688239828641741,-7.898316412875119,-0.000012605423292288975,0.00006505550301749707
40.09,-1.0744236531938787,-6.5922296745517395,-1.0744535911212263,-6.5921794561075,-0.000029937927347623017,0.000050218444239469306,-1.074437610313265,-6.592179953808849,-0.000013957119386232009,0.00004972074289089079,-1.0744376103138422,-6.592179976117021,-0.000013957119963547981,0.0000496984347186924
40.12,-1.5120391978259335,-5.3163196855510275,-1.5120677276171257,-5.316287238334461,-0.000028529791192166698,0.000032447216566922066,-1.5120525550942103,-5.316287615348312,-0.000013357268276781298,0.000032070202715672735,-1.5120525550950883,-5.316287632648889,-0.000013357269154745666,0.00003205290213870171
40.15,-2.13573128443365,-4.106568468854815,-2.135753581753937,-4.106555149285117,-0.00002229732028702358,0.000013319569697856082,-2.1357395792913674,-4.106555412709429,-0.000008294857717583426,0.000013056145386158846,-2.1357395792927742,-4.106555426045293,-0.000008294859124458043,0.000013042809522190169
40.18,-3.013659533912589,-3.006942976230678,-3.0136664308097894,-3.0069482992614853,-0.000006896897200459051,-0.000005323030807247164,-3.013654043319174,-3.0069484600470995,0.000005490593415036216,-0.000005483816421403276,-3.0136540433213437,-3.0069484702621145,0.000005490591245216336,-0.0000054940314364593235
40.21,-4.2243435448349445,-2.0625449872175743,-4.224319403696245,-2.062565867004688,0.000024141138699640408,-0.00002087978711351468,-4.224309075818382,-2.0625659417259774,0.00003446901656278811,-0.000020954508403114858,-4.224309075821667,-2.0625659494989206,0.00003446901327741614,-0.000020962281346292855
40.24,-5.850377986839531,-1.307643639447217,-5.850298192282909,-1.307674458132391,0.0000797945566217706,-0.00003081868517385011,-5.850290242882991,-1.3076744686436783,0.00008774395653965428,-0.000030829196461246156,-5.850290242887831,-1.3076744745177273,0.00008774395169997007,-0.00003083507051027112
40.27,-7.977417266865019,-0.7536700569063625,-7.977244098233324,-0.7537039425169028,0.00017316863169458685,-0.00003388561054029626,-7.9772386226265715,-0.7537039126934113,0.00017864423844748956,-0.00003385578704884207,-7.977238622633067,-0.7537039171004869,0.00017864423195224077,-0.000033860194124435417
40.3,-10.71372678846101,-0.38505442090320147,-10.71339868276213,-0.385085179809044,0.00032810569888042096,-0.000030758905842531714,-10.71339556402692,-0.3850851308649238,0.0003312244340900605,-0.000030709961722330537,-10.713395564036041,-0.38508513414649087,0.00033122442496846816,-0.00003071324328940417
40.33,-14.256849804872706,-0.1661032083695094,-14.256247830073443,-0.16612676945926055,0.0006019747992631608,-0.000023561089751156228,-14.256246886344439,-0.16612671663317088,0.0006029185282674376,-0.00002350826366148695,-14.256246886357921,-0.16612671905735646,0.0006029185147848892,-0.00002351068784706145
40.36,-19.098880855317407,-0.05377522206413764,-19.09770028909335,-0.05378996484741572,0.0011805662240575998,-0.00001474278327807943,-19.097701597306695,-0.05378991685301814,0.0011792580107119477,-0.000014694788880505183,-19.09770159732849,-0.05378991862896863,0.0011792579889160493,-0.000014696564830996017
40.39,-27.0313091560741,-0.008611601100765231,-27.028185508299963,-0.008617832639432934,0.0031236477741387603,-0.000006231538667703096,-27.028190716039102,-0.008617793109870512,0.0031184400349992814,-0.0000061920091052811155,-27.028190716090883,-0.008617794399580655,0.0031184399832184795,-0.000006193298815423617
40.42,-44.02601827309211,-0.00017186643848879878,-44.04789648915226,-0.00017103600662081984,-0.02187821606014495,8.304318679789365e-7,-44.04783027559144,-0.000171005463816789,-0.021812002499324024,8.609746720097836e-7,-44.04783027545099,-0.00017100639190477897,-0.021812002358878146,8.60046584019806e-7
40.45,-27.453282880216147,-0.007813518425543918,-27.456614599409477,-0.007807553258950966,-0.003331719193329974,0.000005965166592952244,-27.456609300378688,-0.0078075307041149955,-0.0033264201625406997,0.00000598772142892251,-27.456609300339615,-0.007807531365543597,-0.0033264201234679547,0.000005987060000321384
40.48,-23.574431666009765,-0.01911157032242115,-23.576508867260255,-0.01910243819620554,-0.002077201250489935,0.000009132126215609382,-23.576506450562682,-0.01910242210426674,-0.002074784552917208,0.000009148218154411691,-23.576506450538893,-0.019102422570986027,-0.0020747845291282374,0.000009147751435123475
40.51,-21.974165750333356,-0.027653472624799218,-21.975818811868603,-0.0276429352282408,-0.0016530615352472466,0.000010537396558416012,-21.975817435363,-0.02764292406510075,-0.0016516850296426355,0.000010548559698467241,-21.975817435343824,-0.027642924390924424,-0.0016516850104686398,0.000010548233874793644
40.54,-21.474696477341805,-0.031035985386248563,-21.476163934190943,-0.03102547640635837,-0.0014674568491379603,0.000010508979890192643,-21.476163078862477,-0.031025468848425268,-0.0014666015206721283,0.000010516537823294925,-21.47616307884536,-0.031025469073394006,-0.0014666015035551538,0.000010516312854556842
40.57,-21.723094233537353,-0.029304836715566763,-21.724487620793212,-0.02929541307893415,-0.0013933872558595795,0.00000942363663261267,-21.72448706130855,-0.029295408073928365,-0.0013928277711983128,0.000009428641638397489,-21.7244870612914,-0.029295408227515137,-0.0013928277540458112,0.000009428488051625716
40.6,-22.619773314915065,-0.023823062407252696,-22.62116787609221,-0.023815398142221774,-0.0013945611771433164,0.000007664265030921796,-22.621167493942416,-0.023815394896390844,-0.0013941790273506172,0.000007667510861852217,-22.621167493923537,-0.023815395000028335,-0.0013941790084714967,0.000007667407224361267
40.63,-24.215849726874804,-0.016482504507885645,-24.21732160584935,-0.016476911807473602,-0.0014718789745451488,0.000005592700412043045,-24.217321331116874,-0.01647690974455031,-0.001471604242070157,0.000005594763335333569,-24.217321331094883,-0.016476909813590068,-0.0014716042200788593,0.0000055946942955770185
40.66,-26.75640241590137,-0.009174929491467199,-26.758072648915807,-0.009171399622166159,-0.001670233014436917,0.0000035298693010395177,-26.758072434794066,-0.00917139833648812,-0.0016700188926961346,0.000003531154979079243,-26.758072434764127,-0.009171398381984887,-0.0016700188627574164,0.0000035311094823114314
40.69,-30.988958602502322,-0.003459883166214888,-30.991143962686976,-0.0034581428360053153,-0.002185360184654428,0.0000017403302095728677,-30.991143765165123,-0.003458142049891841,-0.002185162662801332,0.000001741116323047097,-30.99114376511833,-0.0034581420795162013,-0.0021851626160085402,0.0000017410866986868404
40.72,-40.52582129241756,-0.0003847879128517214,-40.530581625788585,-0.00038436684657170437,-0.004760333371024217,4.2106628001702595e-7,-40.53058129646166,-0.00038436637463788855,-0.0047600040441011515,4.2153821383283724e-7,-40.530581296341694,-0.0003843663936726264,-0.004760003924133116,4.2151917909496713e-7
40.75,-40.10620782803191,-0.00042382319343812385,-40.103090713850385,-0.0004241277671723459,0.0031171141815278247,-3.0457373422203976e-7,-40.103090871545206,-0.0004241274886474731,0.0031169564867070676,-3.0429520934927793e-7,-40.10309087173904,-0.00042412750079377066,0.0031169562928710093,-3.0430735564680907e-7
40.78,-30.930198164606693,-0.003507032856403712,-30.929719169963597,-0.0035074199643502315,0.00047899464309608675,-3.8710794651947503e-7,-30.92971919928589,-0.0035074198024794096,0.0004789653208021605,-3.8694607569760703e-7,-30.929719199346863,-0.0035074198101720626,0.0004789652598304883,-3.869537683505453e-7
40.81,-26.78583176993126,-0.00911290199643645,-26.78590536608336,-0.009112747474366816,-0.00007359615209878712,1.5452206963452453e-7,-26.785905375347006,-0.009112747381474107,-0.00007360541574641388,1.5461496234367433e-7,-26.78590537538482,-0.009112747386324936,-0.00007360545356149828,1.5461011151386705e-7
40.84,-24.23784477160237,-0.016399081725999704,-24.238173356723387,-0.01639783871596835,-0.0003285851210179658,0.0000012430100313556847,-24.23817336014812,-0.0163978386631016,-0.0003285885457522397,0.0000012430628981048575,-24.238173360176273,-0.01639783866616526,-0.0003285885739039429,0.000001243059834444421
40.87,-22.525274857992272,-0.024348582660028133,-22.52576503622135,-0.02434582694784978,-0.0004901782290787082,0.0000027557121783546024,-22.52576503758744,-0.024345826917837876,-0.000490179595168172,0.0000027557421902572876,-22.52576503761061,-0.02434582691979709,-0.0004901796183389706,0.0000027557402310432466
40.9,-21.35412657703452,-0.03191290369931223,-21.354742039493715,-0.03190836482379631,-0.0006154624591943048,0.000004538875515922025,-21.354742040067556,-0.03190836480664554,-0.0006154630330357236,0.000004538892666695882,-21.354742040087935,-0.031908364807937656,-0.0006154630534140892,0.000004538891374576692
40.93,-20.58324910036678,-0.0381386166639694,-20.583977200335983,-0.03813219506931837,-0.0007280999692049761,0.0000064215946510293165,-20.583977200590926,-0.03813219505936146,-0.0007281002241477097,0.000006421604607939613,-20.58397720060976,-0.03813219506021283,-0.0007281002429806449,0.000006421603756572025
40.96,-20.138744554431366,-0.04226896266846376,-20.139585975486508,-0.042260734120791385,-0.0008414210551421775,0.000008228547672371744,-20.13958597561029,-0.04226073411485316,-0.0008414211789258275,0.00000822855361059388,-20.139585975627973,-0.042260734115436516,-0.0008414211966076834,0.00000822855302724107
40.99,-19.9833813219277,-0.04381624430263435,-19.98434701127173,-0.04380645318897519,-0.0009656893440315173,0.000009791113659160522,-19.984347011341082,-0.04380645318534843,-0.000965689413384041,0.000009791117285919138,-19.984347011358206,-0.04380645318572934,-0.000965689430508121,0.000009791116905015496
41.02,-20.104642906917366,-0.04260381300698028,-20.105754505532577,-0.0425928561011609,-0.001111598615210596,0.000010956905819384244,-20.105754505579647,-0.04259285609886711,-0.0011115986622804996,0.000010956908113174402,-20.10575450559726,-0.04259285609913941,-0.001111598679894854,0.000010956907840871388
41.05,-20.511335029014568,-0.03877825645861466,-20.512628341124874,-0.038766658477196306,-0.001293312110306033,0.000011597981418351444,-20.51262834116459,-0.03876665847577724,-0.0012933121500218192,0.000011597982837417697,-20.512628341182484,-0.03876665847594772,-0.001293312167916838,0.000011597982666936013
41.08,-21.236379517329596,-0.03279329020425874,-21.237912607590644,-0.03278167219118055,-0.0015330902610486419,0.000011618013078189271,-21.23791260762942,-0.03278167219033938,-0.001533090299822959,0.000011618013919356684,-21.237912607648546,-0.0327816721904536,-0.0015330903189507694,0.000011618013805135552
41.11,-22.347777248444846,-0.02536730521756601,-22.34964831061632,-0.025356346666861533,-0.0018710621714745912,0.00001095855070447696,-22.349648310658402,-0.025356346666489185,-0.0018710622135564847,0.000010958551076824946,-22.349648310679644,-0.025356346666528837,-0.0018710622347981598,0.000010958551037172637
41.14,-23.976819195477198,-0.017416983880899278,-23.97920988341904,-0.01740737964856629,-0.002390687941840497,0.000009604232332986046,-23.979209883468677,-0.017407379648565324,-0.0023906879914790125,0.000009604232333954021,-23.9792098834931,-0.01740737964855373,-0.0023906880159003663,0.000009604232345548913
41.17,-26.395772139616934,-0.009970237732683303,-26.39907421674884,-0.009962651231202085,-0.0033020771319058895,0.000007586501481218061,-26.39907421681311,-0.009962651231536127,-0.00330207719617448,0.000007586501147176239,-26.399074216844795,-0.00996265123150137,-0.0033020772278611332,0.0000075865011819331585
41.2,-30.291272093999957,-0.004063125551542961,-30.29660132934156,-0.004058140412074694,-0.005329235341601901,0.000004985139468267549,-30.29660132944029,-0.004058140412692152,-0.005329235440331814,0.000004985138850809208,-30.296601329489043,-0.004058140412639089,-0.005329235489085704,0.000004985138903872664
41.23,-38.403226510800245,-0.0006273256222598066,-38.41658537437729,-0.0006253987997996105,-0.01335886357704652,0.000001926822460196053,-38.416585374627616,-0.000625398800689749,-0.013358863827370726,0.0000019268215700576127,-38.41658537475397,-0.0006253988006212767,-0.01335886395372654,0.0000019268216385298588
41.26,-40.61629921578341,-0.00037685408934776506,-40.599966753193726,-0.00037827405029600635,0.016332462589680574,-0.0000014199609482412894,-40.59996675298663,-0.000378274051417568,0.01633246279677536,-0.0000014199620698029545,-40.59996675290877,-0.0003782740513597058,0.016332462874636633,-0.000001419962011940765
41.29,-30.692356524606875,-0.00370453645180676,-30.686672261682393,-0.0037093903811102453,0.005684262924482653,-0.000004853929303485268,-30.686672261604354,-0.003709390382477281,0.005684263002521561,-0.000004853930670521093,-30.68667226157124,-0.0037093903824232557,0.0056842630356364054,-0.000004853930616495732
41.32,-26.13021094004912,-0.01059968828910702,-26.126875534693504,-0.010607841988384123,0.0033354053556173824,-0.000008153699277101828,-26.126875534649862,-0.010607841989974309,0.003335405399258917,-0.000008153700867288144,-26.126875534631623,-0.010607841989912518,0.0033354054174985492,-0.000008153700805497294
41.35,-23.24985927630468,-0.02059813420025015,-23.247526522653335,-0.020609227479897598,0.0023327536513448877,-0.000011093279647447774,-23.24752652262464,-0.020609227481671342,0.002332753680040156,-0.00001109328142119212,-23.247526522613082,-0.020609227481636544,0.0023327536915971336,-0.000011093281386393566
41.38,-21.238918772498675,-0.03277404955139392,-21.23714237898597,-0.032787508595054436,0.00177639351270642,-0.000013459043660513093,-21.237142378965686,-0.03278750859698554,0.0017763935329888625,-0.000013459045591614205,-21.23714237895781,-0.032787508596995224,0.0017763935408652287,-0.0000134590456013009
41.41,-19.79389842626549,-0.04578060081059949,-19.79247688698923,-0.04579566753730538,0.0014215392762579881,-0.000015066726705890987,-19.792476886974367,-0.045795667539363476,0.0014215392911225422,-0.000015066728763987736,-19.792476886969286,-0.04579566753942649,0.0014215392962029227,-0.000015066728826999831
41.44,-18.776706337699324,-0.05794389041456121,-18.775531844624346,-0.057959667752549605,0.0011744930749770788,-0.000015777337988395757,-18.775531844613493,-0.05795966775474649,0.001174493085830619,-0.000015777340185277322,-18.775531844610253,-0.05795966775486687,0.001174493089070694,-0.000015777340305660192
41.47,-18.124043019755447,-0.0674134137447825,-18.12305157310774,-0.0674289253498371,0.00099144664770634,-0.000015511605054599475,-18.12305157309983,-0.06742892535213454,0.0009914466556182333,-0.00001551160735203949,-18.12305157309829,-0.06742892535232403,0.0009914466571565583,-0.000015511607541526806
41.5,-17.81820543156342,-0.07237313738496151,-17.817356700516477,-0.07238740101315876,0.0008487310469433851,-0.000014263628197244693,-17.81735670051131,-0.07238740101556931,0.0008487310521090308,-0.000014263630607802558,-17.81735670051132,-0.07238740101584354,0.0008487310521019253,-0.000014263630882027645
41.53,-17.88128187577673,-0.07132097842108714,-17.880550229471204,-0.07133309394731338,0.0007316463055246913,-0.00001211552622623624,-17.880550229468597,-0.07133309394979076,0.0007316463081323832,-0.000012115528703615652,-17.88055022947021,-0.07133309395014079,0.0007316463065194512,-0.000012115529053641216
41.56,-18.386528570023998,-0.06343064482893697,-18.38589951103965,-0.0634399006188715,0.0006290589843480632,-0.000009255789934534131,-18.38589951104,-0.0634399006214253,0.0006290589839963445,-0.000009255792488324643,-18.38589951104359,-0.06343990062186632,0.0006290589804081037,-0.000009255792929346862
41.59,-19.49887373973776,-0.04901685865147345,-19.498344768374633,-0.049022863101234396,0.0005289713631277948,-0.000006004449760947661,-19.498344768379198,-0.04902286310387221,0.0005289713585625577,-0.00000600445239876124,-19.498344768385675,-0.049022863104418196,0.0005289713520859607,-0.0000060044529447481065
41.62,-21.603071836671866,-0.03012886002459185,-21.602662843093,-0.030131707387156884,0.00040899357886559073,-0.0000028473625650338175,-21.60266284310497,-0.030131707389866383,0.00040899356689649835,-0.000002847365274533109,-21.60266284311602,-0.030131707390554405,0.0004089935558475588,-0.0000028473659625556647
41.65,-25.85683342473976,-0.011289255686437651,-25.856649525666043,-0.011289734354318633,0.00018389907371840764,-4.786678809813594e-7,-25.856649525697403,-0.01128973435713427,0.000183899042358604,-4.786706966179721e-7,-25.85664952572005,-0.01128973435797722,0.0001838990197100543,-4.786715395686814e-7
41.68,-40.8166543782752,-0.0003598627268266467,-40.818554620651526,-0.00035970529785078417,-0.0019002423763225806,1.5742897586251432e-7,-40.818554620851096,-0.0003597053008248933,-0.0019002425758927188,1.574260017533826e-7,-40.818554620943246,-0.000359705301852909,-0.0019002426680430062,1.5742497373771088e-7
41.71,-26.63809041808751,-0.009428587017005354,-26.637101064619593,-0.009430737494265236,0.0009893534679186189,-0.0000021504772598820304,-26.637101064550876,-0.009430737497489588,0.0009893535366352069,-0.000002150480484233372,-26.637101064508112,-0.009430737498722374,0.0009893535793992214,-0.0000021504817170198143
41.74,-18.966795357096377,-0.055446501809363086,-18.966108393601587,-0.05545532922471129,0.0006869634947896941,-0.000008827415348203194,-18.96610839356518,-0.055455329228303124,0.0006869635311979039,-0.000008827418940038356,-18.9661083935454,-0.05545532922982585,0.0006869635509758609,-0.000008827420462764746
41.77,-14.413418306562896,-0.16011185097260228,-14.412850526132331,-0.16013317549081935,0.0005677804305648237,-0.0000213245182170696,-14.412850526105366,-0.16013317549497533,0.0005677804575299206,-0.000021324522373050714,-14.412850526092933,-0.1601331754968328,0.0005677804699626421,-0.0000213245242305371
41.8,-11.131088312672986,-0.3483172211705979,-11.130600279688291,-0.3483579778230148,0.0004880329846947973,-0.00004075665241692894,-11.130600279666396,-0.3483579778279323,0.0004880330065901717,-0.00004075665733443978,-11.130600279657353,-0.348357977830211,0.00048803301563360435,-0.00004075665961311703
41.83,-8.603001139067537,-0.644640523599975,-8.602579747122341,-0.6447079569306973,0.00042139194519563716,-0.00006743333072223301,-8.602579747103642,-0.6447079569366942,0.0004213919638953456,-0.0000674333367192137,-8.602579747096819,-0.6447079569393822,0.00042139197071833223,-0.00006743333940717466
41.86,-6.6144968894603355,-1.0681940426643388,-6.614136371512575,-1.0682945782146505,0.0003605179477608189,-0.0001005355503116423,-6.614136371496303,-1.068294578222017,0.00036051796403224756,-0.00010053555767819411,-6.614136371491042,-1.068294578225126,0.0003605179692938165,-0.00010053556078726267
41.89,-5.051031136274738,-1.6274860130253077,-5.050726965145152,-1.627624301377333,0.0003041711295859173,-0.00013828835202533973,-5.050726965130982,-1.6276243013863874,0.0003041711437559158,-0.0001382883610796526,-5.050726965126974,-1.6276243013899254,0.000304171147764265,-0.00013828836461771132
41.92,-3.83466214608379,-2.3177307139666463,-3.8344086415027356,-2.31790949205248,0.0002535045810545533,-0.00017877808583355304,-3.8344086414900413,-2.3179094920636256,0.0002535045937488434,-0.00017877809697930402,-3.8344086414869807,-2.3179094920675496,0.0002535045968095062,-0.00017877810090327628
41.95,-2.9012999879539465,-3.1221062087814335,-2.9010897896482293,-3.122327381422289,0.0002101983057172241,-0.00022117264085563804,-2.9010897896354098,-3.1223273814366936,0.0002101983185367473,-0.00022117265526011565,-2.9010897896331134,-3.1223273814409582,0.0002101983208331326,-0.00022117265952470433
41.98,-2.1941065868013006,-4.016230023232988,-2.1939310686765783,-4.016497051017936,0.00017551812472227368,-0.0002670277849476932,-2.1939310686580646,-4.016497051040282,0.00017551814323590875,-0.00026702780729426223,-2.1939310686563367,-4.016497051045269,0.00017551814496385987,-0.0002670278122804959
42.01,-1.6631767721961268,-4.973540948733073,-1.6630265265625752,-4.97386295324158,0.00015024563355159337,-0.00032200450850705664,-1.6630265265173885,-4.97386295329338,0.0001502456787383366,-0.00032200456030651026,-1.6630265265161062,-4.973862953301088,0.0001502456800206442,-0.00032200456801501076
42.04,-1.2665550992493977,-5.969500182313069,-1.2664196252402622,-5.969900290617298,0.00013547400913549446,-0.0004001083042295406,-1.2664196250828477,-5.969900290813155,0.00013547416655002031,-0.0004001085000862048,-1.266419625081848,-5.969900290831732,0.00013547416754966513,-0.0004001085186633446
42.07,-0.9705708732503824,-6.983822046314902,-0.9704358049194722,-6.984361449682886,0.00013506833091014858,-0.0005394033679841925,-0.9704358042501072,-6.984361450771064,0.00013506900027515645,-0.0005394044561617406,-0.9704358042492867,-6.984361450836326,0.00013506900109572229,-0.0005394045214242027
42.1,-0.7492091688986007,-8.001032886796263,-0.7490418492137935,-8.001921652956206,0.00016731968480721005,-0.000888766159942378,-0.7490418453924502,-8.00192166242299,0.00016732350615045188,-0.0008887756267270674,-0.7490418453917838,-8.001921662724602,0.00016732350681691877,-0.0008887759283382479
42.13,-0.5829070803448162,-9.010043945634669,-0.5824468820997079,-9.01324923734541,0.0004601982451083453,-0.0032052917107403545,-0.5824468005405802,-9.013249616204636,0.000460279804236019,-0.003205670569967012,-0.5824468005399356,-9.013249619160966,0.0004602798048806145,-0.0032056735262973035
42.16,-0.45720510748904386,-10.003329600783983,-0.45742176141494495,-10.001378377224626,-0.00021665392590108912,0.0019512235593577287,-0.4574217363282354,-10.001378766822347,-0.00021662883919154607,0.0019508339616365333,-0.4574217363276845,-10.001378762298023,-0.0002166288386406534,0.0019508384859605599
42.19,-0.3615163490278267,-10.976068043507649,-0.3615904631232857,-10.975214070288349,-0.00007411409545898806,0.0008539732193000305,-0.36159047110590364,-10.975214243349892,-0.0000741220780769436,0.0008538001577562682,-0.3615904711054744,-10.975214238909603,-0.00007412207764767587,0.0008538045980461817
42.22,-0.28811699485441344,-11.92541645648138,-0.28816596516735743,-11.924702026676197,-0.00004897031294398557,0.0007144298051819931,-0.2881659889561649,-11.92470223108984,-0.000048994101751465013,0.0007142253915386476,-0.28816598895575724,-11.924702224137567,-0.00004899410134379112,0.0007142323438120712
42.25,-0.23136104750223055,-12.850107677148351,-0.23141859580013824,-12.849054768605424,-0.000057548297907689117,0.0010529085429276108,-0.23141864808176443,-12.849055120248924,-0.00005760057953388409,0.0010525568994275147,-0.23141864808137128,-12.849055107355232,-0.00005760057914072636,0.0010525697931189626
42.28,-0.18735798828249492,-13.744463184301349,-0.18721166599236083,-13.747780152898812,0.0001463222901340877,-0.0033169685974634433,-0.18721178329706367,-13.747780953670565,0.0001462049854312475,-0.00331776936921635,-0.18721178329651286,-13.747780926602717,0.0001462049859820569,-0.003317742301367943
42.31,-0.15252321084946835,-14.620522137221482,-0.15250819520245174,-14.620931362838988,0.000015015647016614064,-0.0004092256175063369,-0.15250849202755226,-14.620933950712525,0.000014718821916087643,-0.0004118134910431337,-0.1525084920262853,-14.620933883845089,0.000014718823183046403,-0.000411746623607101
42.34,-0.12506727580257876,-15.468789780563625,-0.12506193734456802,-15.46892135603059,0.000005338458010734071,-0.00013157546696440647,-0.12506302442047593,-15.468935318845553,0.0000042513821028322685,-0.00014553828192731544,-0.12506302441122402,-15.468935073904346,0.000004251391354737066,-0.00014529334072044264
42.37,-0.10320189155401976,-16.292465301932097,-0.10319963762833222,-16.292663052401494,0.0000022539256875481195,-0.00019775046939685126,-0.10319381035728063,-16.29280125589069,0.00000808119673913199,-0.00033595395859364885,-0.10319381017493573,-16.29280258499304,0.000008081379084035056,-0.00033728306094360505
42.4,-0.08566659875592614,-17.092490760399784,-0.08566579450863246,-17.09260291683349,8.042472936786726e-7,-0.00011215643370476869,-0.08566411840843019,-17.092615235031488,0.0000024803474959478322,-0.0001244746317041745,-0.08566411839712242,-17.09261563065651,0.0000024803588037219937,-0.0001248702567266946
42.43,-0.07151137788547691,-17.869798277653032,-0.0715114399300311,-17.869873692867127,-6.204455418878929e-8,-0.00007541521409493157,-0.07151002858773513,-17.869879519426487,0.0000013492977417872698,-0.00008124177345436578,-0.07151002858146671,-17.86987986862927,0.0000013493040102036113,-0.00008159097623661182
42.46,-0.06001337243855376,-18.625334919737348,-0.06001405900488658,-18.625386293247693,-6.865663328206595e-7,-0.000051373510345342766,-0.060012599084448365,-18.6253904665089,7.733541053933646e-7,-0.00005554677155217291,-0.06001259907901652,-18.625390851745195,7.733595372358404e-7,-0.000055932007846593024
42.49,-0.050618394438197836,-19.360044071225808,-0.05061960253198914,-19.36007663959949,-0.000001208093791303655,-0.0000325683736832616,-0.050617969559614964,-19.360080274430484,4.248785828719903e-7,-0.00003620320467589977,-0.05061796955387665,-19.360080743552516,4.248843211845932e-7,-0.000036672326707787306
42.52,-0.04289854547517051,-20.074849058094827,-0.04290023455340818,-20.07486513949257,-0.0000016890782376724478,-0.000016081397742340187,-0.04289835014726766,-20.074868687149994,1.953279028521493e-7,-0.000019629055167058596,-0.04289835014041513,-20.074869291193508,1.9533475537764078e-7,-0.000020233098680932926
42.55,-0.03652118647340276,-20.77064212835408,-0.036523342083101755,-20.77064252227369,-0.0000021556096989963636,-3.9391960982015917e-7,-0.03652115116247612,-20.770646248032637,3.5310926640996776e-8,-0.000004119678557401585,-0.036521151153625996,-20.77064705442674,3.5319776763020894e-8,-0.000004926072659117153
42.58,-0.031226038900438936,-21.448277813530467,-0.031228651941623678,-21.44826233717501,-0.000002613041184741649,0.00001547635545762205,-0.031226120357179483,-21.448266444061453,-8.14567405471589e-8,0.000011369469014255174,-0.03122612034499681,-21.44826754892327,-8.144455787215121e-8,0.000010264607197996156
42.61,-0.026808164985000514,-22.108569424370295,-0.02681121980960348,-22.108537124587627,-0.000003054824602964634,0.00003229978266716671,-0.02680833545692874,-22.10854178473189,-1.7047192822639e-7,0.000027639638403798017,-0.026808335439348876,-22.108543329917193,-1.7045434836174267e-7,0.000026094453101421777
42.64,-0.023105229880147127,-22.752287668229314,-0.02310869950376511,-22.752236913195347,-0.0000034696236179826423,0.000050755033967675445,-0.023105471425964072,-22.752242240797685,-2.4154581694524335e-7,0.00004542743162971874,-0.023105471399457587,-22.75224444067771,-2.4151931046073605e-7,0.000043227551604019254
42.67,-0.01998790448678926,-23.38016057747536,-0.019991751235856167,-23.380089233919435,-0.000003846749066907518,0.0000713435559234199,-0.019988205367345368,-23.380095152985227,-3.0088055610888453e-7,0.00006542449013124951,-0.019988205325667766,-23.380098338951413,-3.00838878506543e-7,0.0000622385239452683
42.7,-0.017352589118413538,-23.992873683617862,-0.017356766103357176,-23.99278017872018,-0.000004176984943638634,0.00009350489768067405,-0.017352939032032444,-23.992786007317562,-3.499136189064056e-7,0.00008767630029993256,-0.017352938963691094,-23.99279070535283,-3.4984527755646533e-7,0.0000829782650306754
42.73,-0.015115891862030007,-24.591061103320886,-0.01512031106637791,-24.59095640723419,-0.000004419204347901745,0.00010469608669438912,-0.015116244420063844,-24.590959601244784,-3.52558033836492e-7,0.00010150207610237771,-0.015116244302609931,-24.59096667476242,-3.524405799235769e-7,0.0000944285584658644
42.76,-0.0132099616856194,-25.175430839827413,-0.01321486106776011,-25.175228770329095,-0.000004899382140708883,0.0002020694983180249,-0.013210599012521123,-25.175221092008464,-6.373269017222183e-7,0.00020974781894977923,-0.013210598798801257,-25.1752320242078,-6.371131818557613e-7,0.00019881561961199168
42.79,-0.011580425025976764,-25.7463870468319,-0.011585500965469928,-25.746179980063573,-0.000005075939493164039,0.00020706676832560333,-0.011581093239777759,-25.746136030504164,-6.68213800994813e-7,0.00025101632773427696,-0.011581092820448257,-25.746153539215197,-6.677944714931355e-7,0.00023350761670215547
42.82,-0.010182064737132304,-26.304574611350642,-0.010187362889255426,-26.304378897259255,-0.000005298152123122193,0.00019571409138663398,-0.010182878681991381,-26.304226821141263,-8.139448590769455e-7,0.0003477902093784735,-0.01018287776334009,-26.304256397541373,-8.130262077864908e-7,0.0003182138092689968
42.85,-0.008978101915568547,-26.850486080430628,-0.008983624445460199,-26.850377580798707,-0.00000552252989165225,0.0001084996319207221,-0.008979198763327537,-26.849954893324934,-0.0000010968477589905212,0.0005311871056932205,-0.008979196343000338,-26.850009583507024,-0.0000010944274317914449,0.0004764969236035199
42.88,-0.007938186037274192,-27.384598874419545,-0.007943936873220632,-27.38463152660725,-0.000005750835946439353,-0.000032652187705650704,-0.007939984986357378,-27.383616634007723,-0.0000017989490831860772,0.0009822404118224881,-0.007939975603092685,-27.383738990692336,-0.000001789565818493058,0.0008598837272089099
42.91,-0.007037196917705897,-27.907364198318287,-0.007043184498260203,-27.907499115734282,-0.0000059875805543058505,-0.00013491741599480633,-0.0070434621616149145,-27.90360447048815,-0.0000062652439090172055,0.003759727830136228,-0.007043305743265554,-27.90416386292557,-0.0000061088255596565555,0.003200335392715914
42.94,-0.006254263734057395,-28.419207960397195,-0.006260500786067489,-28.419384062069916,-0.000006237052010094231,-0.0001761016727215292,-0.006250700200646181,-28.421778551683424,0.000003563533411214334,-0.0025705912862292735,-0.006250616444127577,-28.42129500276263,0.0000036472899298178527,-0.00208704236543511
42.97,-0.005571981253269937,-28.92053233990481,-0.005578484166924736,-28.920716038685292,-0.000006502913654798763,-0.0001836987804821888,-0.00557067486024113,-28.92157581466872,0.0000013063930288069459,-0.0010434747639109787,-0.005570659110392274,-28.921339251962944,0.000001322142877663475,-0.0008069120581346567
43,-0.004975781941274456,-29.411717370702704,-0.004982570182847901,-29.41189579786435,-0.000006788241573445035,-0.0001784271616465105,-0.00497501009056101,-29.412407055209087,7.718507134459734e-7,-0.0006896845063835144,-0.004975002257349969,-29.412217478671472,7.796839244875869e-7,-0.0005001079687687593
