freq_GHz,hfss_s11_db,hfss_s21_db,ALPS_s11_db,ALPS_s21_db,ALPS_err_s11_db,ALPS_err_s21_db,AWE_s11_db,AWE_s21_db,AWE_err_s11_db,AWE_err_s21_db,GAWE_s11_db,GAWE_s21_db,GAWE_err_s11_db,GAWE_err_s21_db,MGAWE_s11_db,MGAWE_s21_db,MGAWE_err_s11_db,MGAWE_err_s21_db,WCAWE_s11_db,WCAWE_s21_db,WCAWE_err_s11_db,WCAWE_err_s21_db
40,-0.4048420721224632,-10.505835426352741,-0.40485070594148137,-10.505747057905964,-0.000008633819018166733,0.0000883684467769541,-0.4050061214578859,-10.505744290425858,-0.00016404933542268907,0.0000911359268833678,-0.40485070521923355,-10.50574696169277,-0.000008633096770349624,0.00008846465997081054,-0.4048507059426504,-10.505747057868442,-0.000008633820187176067,0.00008836848429893962,-0.4048507052187466,-10.505746966716378,-0.000008633096283405806,0.00008845963636261445
40.03,-0.5551030216285869,-9.208702791299645,-0.555113646363941,-9.208624866902259,-0.000010624735354070047,0.00007792439738629753,-0.5552647091206502,-9.208622538556746,-0.00016168749206324495,0.00008025274289913398,-0.5551136457523743,-9.208624788659819,-0.000010624123787383866,0.00007800263982638,-0.5551136463654995,-9.208624866864344,-0.00001062473691260113,0.00007792443530085791,-0.5551136457521748,-9.208624792865809,-0.000010624123587876788,0.00007799843383615723
40.06,-0.7688113774408818,-7.898381468378137,-0.7688239828689857,-7.898316378945798,-0.000012605428103884542,0.0000650894323390716,-0.7689690733640496,-7.898314473036011,-0.0001576959231678332,0.00006699534212550873,-0.7688239823653733,-7.898316315606887,-0.000012604924491510516,0.00006515277125007657,-0.7688239828712994,-7.898316378898551,-0.000012605430417589325,0.00006508947958572264,-0.7688239823656948,-7.8983163191143575,-0.000012604924813031104,0.00006514926377931829
40.09,-1.0744236531938787,-6.5922296745517395,-1.0744376103192288,-6.592179949744575,-0.000013957125350128052,0.00004972480716425309,-1.074574177899643,-6.592178452523465,-0.00015052470576426558,0.000051222028274899856,-1.074437609922598,-6.592179898718761,-0.000013956728719399791,0.00004977583297804955,-1.0744376103226785,-6.592179949658754,-0.000013957128799813034,0.000049724892985381075,-1.0744376099236272,-6.592179901631815,-0.000013956729748576535,0.00004977291992425137
40.12,-1.5120391978259335,-5.3163196855510275,-1.5120525551010102,-5.316287612281214,-0.000013357275076675279,0.00003207326981335967,-1.5121769108597547,-5.316286509019703,-0.00013771303382115185,0.00003317653132484111,-1.5120525548113353,-5.31628757138927,-0.000013356985401724586,0.000032114161757412774,-1.5120525551061392,-5.316287612101603,-0.000013357280205683608,0.00003207344942435242,-1.512052554813489,-5.316287573798331,-0.000013356987555557254,0.00003211175269690614
40.15,-2.13573128443365,-4.106568468854815,-2.1357395792991287,-4.106555410421282,-0.000008294865478930546,0.00001305843353271996,-2.135846900076093,-4.106554679051982,-0.00011561564244333411,0.000013789802832953058,-2.135739579115711,-4.106555377834853,-0.000008294682061205094,0.000013091019961386507,-2.135739579306806,-4.106555410064602,-0.000008294873156344806,0.000013058790212738813,-2.135739579119509,-4.106555379818458,-0.000008294685859056017,0.000013089036356994654
40.18,-3.013659533912589,-3.006942976230678,-3.013654043327974,-3.006948458362187,0.000005490584614964433,-0.000005482131508749433,-3.013738841486537,-3.0069480616097106,-0.00007930757394802868,-0.000005085379032543358,-3.0136540432470476,-3.006948432551488,0.000005490665541341144,-0.0000054563208098379334,-3.0136540433393617,-3.006948457718541,0.000005490573227184825,-0.000005481487862724066,-3.013654043253003,-3.0069484341775294,0.00000549065958610484,-0.000005457946851361584
40.21,-4.2243435448349445,-2.0625449872175743,-4.2243090758280095,-2.0625659405038754,0.00003446900693493404,-0.000020953286301139684,-4.224366281318787,-2.0625658202097745,-0.00002273648384232274,-0.000020832992200237044,-4.224309075840569,-2.062565920189969,0.00003446899437520301,-0.000020932972394582805,-4.2243090758449275,-2.0625659394403897,0.000034468990016911505,-0.00002095222281539577,-4.224309075849505,-2.062565921516871,0.00003446898543923993,-0.000020934299296726522
40.24,-5.850377986839531,-1.307643639447217,-5.850290242893442,-1.3076744677727437,0.00008774394608934699,-0.00003082832552658843,-5.850316560715365,-1.3076745471110318,0.00006142612416581983,-0.00003090766381474985,-5.850290242984336,-1.3076744518886352,0.00008774385519494388,-0.000030812441418115455,-5.850290242917756,-1.3076744661401385,0.00008774392177457457,-0.00003082669292142626,-5.850290242996797,-1.3076744529664273,0.00008774384273380065,-0.00003081351921019326
40.27,-7.977417266865019,-0.7536700569063625,-7.9772386226377545,-0.7537039120857036,0.00017864422726443507,-0.0000338551793411801,-7.977233211180125,-0.7537041080861258,0.00018405568489399116,-0.00003405117976329475,-7.977238622788652,-0.7537038997449048,0.00017864407636736246,-0.000033842838542352816,-7.977238622672856,-0.7537039097245894,0.00017864419216273575,-0.00003385281822698705,-7.977238622805638,-0.7537039006160071,0.00017864405938095018,-0.00003384370964465422
40.3,-10.71372678846101,-0.38505442090320147,-10.713395564038601,-0.3850851304518079,0.00033122442240873795,-0.000030709548606455694,-10.713359036836662,-0.3850853709599927,0.00036775162434743436,-0.00003095005679121243,-10.713395564235144,-0.38508512092379327,0.0003312242258655118,-0.00003070002059180066,-10.713395564090773,-0.3850851272006,0.0003312243702371376,-0.00003070629739854169,-10.713395564257887,-0.38508512162416697,0.0003312242031228152,-0.000030700720965504136
40.33,-14.256849804872706,-0.1661032083695094,-14.25624688635758,-0.16612671636175613,0.0006029185151259497,-0.000023507992246735165,-14.25617801165978,-0.1661269513920083,0.0006717932129269855,-0.000023743022498912136,-14.256246886595958,-0.16612670905107388,0.0006029182767477437,-0.000023500681564481152,-14.256246886441698,-0.16612671206424426,0.000602918431008348,-0.000023503694734861025,-14.256246886627135,-0.16612670961094572,0.0006029182455709048,-0.000023501241436324483
40.36,-19.098880855317407,-0.05377522206413764,-19.097701597322732,-0.053789916682956344,0.0011792579946749981,-0.000014694618818707206,-19.09758873719833,-0.05379011961490077,0.001292118119078367,-0.000014897550763129375,-19.097701597629314,-0.05378991110931268,0.0011792576880935712,-0.000014689045175042548,-19.09770159748358,-0.05378991119599991,0.0011792578338258863,-0.000014689131862269389,-19.09770159767579,-0.053789911554135504,0.0011792576416169709,-0.000014689489997866956
40.39,-27.0313091560741,-0.008611601100765231,-27.028190716066,-0.008617793010653725,0.003118440008101686,-0.000006191909888493552,-27.027964470567184,-0.008617954847301913,0.0033446855069172443,-0.0000063537465366820395,-27.0281907165983,-0.008617788789955023,0.0031184394758021483,-0.000006187689189791554,-27.02819071651685,-0.008617786211183413,0.003118439557251662,-0.000006185110418182108,-27.028190716696677,-0.008617789141030037,0.003118439377423954,-0.0000061880402648060995
40.42,-44.02601827309211,-0.00017186643848879878,-44.047830275555725,-0.00017100541304491262,-0.021812002463612146,8.610254438861514e-7,-44.04930575670661,-0.00017112749610787622,-0.02328748361449584,7.389423809225568e-7,-44.04783027272403,-0.00017100223978094297,-0.021811999631914603,8.641987078558038e-7,-44.0478302710281,-0.00017099720383165762,-0.021811997935984095,8.69234657141152e-7,-44.0478302723269,-0.00017100251490995,-0.021811999234785162,8.639235788487703e-7
40.45,-27.453282880216147,-0.007813518425543918,-27.456609300372676,-0.007807530685134443,-0.003326420156529508,0.000005987740409474883,-27.45674459971507,-0.007807619013787777,-0.0034617194989223776,0.00000589941175614065,-27.456609300089365,-0.007807528317787972,-0.003326419873218356,0.000005990107755945648,-27.456609299659153,-0.007807520999738964,-0.0033264194430060456,0.000005997425804954437,-27.45660930002977,-0.007807528531817959,-0.003326419813621584,0.0000059898937259592056
40.48,-23.574431666009765,-0.01911157032242115,-23.57650645056338,-0.019102422105315334,-0.00207478455361354,0.000009148217105816453,-23.57656476100783,-0.019102483897874195,-0.0021330949980651326,0.000009086424546955046,-23.576506450429658,-0.019102420353740573,-0.00207478441989295,0.000009149968680576687,-23.576506450018854,-0.01910241091169416,-0.0020747840090891145,0.000009159410726988781,-23.576506450400533,-0.019102420518837395,-0.002074784390767803,0.000009149803583755056
40.51,-21.974165750333356,-0.027653472624799218,-21.975817435366814,-0.027642924077845295,-0.00165168503345825,0.000010548546953922239,-21.97584922889491,-0.027642966067259012,-0.0016834785615529313,0.00001050655754020538,-21.975817435279023,-0.02764292279320017,-0.0016516849456671423,0.000010549831599048626,-21.975817434829075,-0.027642911380755968,-0.0016516844957195076,0.000010561244043250095,-21.975817435261,-0.027642922919481838,-0.0016516849276442258,0.000010549705317379476
40.54,-21.474696477341805,-0.031035985386248563,-21.47616307886933,-0.031025468867169195,-0.001466601527525313,0.000010516519079368375,-21.47618221005547,-0.03102549664587051,-0.0014857327136645893,0.000010488740378053474,-21.47616307879835,-0.031025467933711366,-0.0014666014565456464,0.00001051745253719677,-21.476163078278923,-0.03102545470937917,-0.0014666009371175903,0.000010530676869392047,-21.476163078787152,-0.031025468029467207,-0.001466601445347493,0.000010517356781356013
40.57,-21.723094233537353,-0.029304836715566763,-21.724487061318364,-0.029295408094998508,-0.001392827781010908,0.00000942862056825533,-21.72449926782461,-0.029295426001745475,-0.001405034287255802,0.000009410713821288164,-21.72448706125301,-0.029295407423352002,-0.0013928277156587399,0.000009429292214761104,-21.724487060631965,-0.029295392557042867,-0.0013928270946124144,0.000009444158523896212,-21.72448706124596,-0.02929540749520393,-0.0013928277086066032,0.000009429220362833918
40.6,-22.619773314915065,-0.023823062407252696,-22.62116749395657,-0.023815394917383874,-0.0013941790415046285,0.000007667489868821986,-22.621175656941208,-0.023815406163635398,-0.0014023420261430886,0.000007656243617298192,-22.621167493888606,-0.023815394439117007,-0.0013941789735412158,0.000007667968135689068,-22.62116749312469,-0.023815378116599954,-0.0013941782096260624,0.000007684290652742315,-22.6211674938849,-0.02381539449245535,-0.0013941789698357354,0.00000766791479734491
40.63,-24.215849726874804,-0.016482504507885645,-24.217321331137644,-0.016476909764115987,-0.0014716042628393211,0.0000055947437696581,-24.217327080491394,-0.01647691664051729,-0.0014773536165897383,0.000005587867368355565,-24.217321331058756,-0.016476909427201057,-0.0014716041839513139,0.000005595080684588083,-24.217321330085216,-0.01647689185185032,-0.0014716032104118426,0.000005612656035325347,-24.217321331059164,-0.016476909466314055,-0.001471604184359876,0.00000559504157159052
40.66,-26.75640241590137,-0.009174929491467199,-26.75807243482638,-0.009171398353980191,-0.0016700189250116182,0.000003531137487007216,-26.75807681203849,-0.009171402442648177,-0.0016743961371190608,0.000003527048819021439,-26.7580724347225,-0.009171398119290042,-0.0016700188211302702,0.000003531372177156475,-26.758072433401992,-0.009171379512383306,-0.001670017500622123,0.000003549979083892346,-26.758072434727662,-0.009171398147626816,-0.0016700188262923632,0.0000035313438403825753
40.69,-30.988958602502322,-0.003459883166214888,-30.99114376522391,-0.003458142065037811,-0.0021851627215880853,0.0000017411011770771152,-30.991147669361215,-0.003458144425707047,-0.002189066858893085,0.0000017387405078410703,-30.99114376505629,-0.00345814190346311,-0.0021851625539675013,0.0000017412627517782164,-30.991143762999723,-0.0034581225022973167,-0.0021851604974010286,0.0000017606639175714832,-30.99114376507169,-0.003458141923644874,-0.002185162569368515,0.0000017412425700139705
40.72,-40.52582129241756,-0.0003847879128517214,-40.530581296623126,-0.00038436638738300434,-0.004760004205564883,4.2152546871705634e-7,-40.53058720766886,-0.0003843677087436839,-0.00476591525129777,4.2020410803749126e-7,-40.530581296149116,-0.0003843662774862763,-0.004760003731554718,4.2163536544511304e-7,-40.5305812911071,-0.00038434633255084904,-0.00475999868953636,4.4158030087235525e-7,-40.53058129623182,-0.0003843662916451587,-0.004760003814261893,4.216212065627132e-7
40.75,-40.10620782803191,-0.00042382319343812385,-40.103090871263646,-0.0004241274991823008,0.003116956768266732,-3.0430574417695394e-7,-40.10308750613763,-0.0004241282149449532,0.0031203218942792432,-3.050215068293354e-7,-40.10309087180058,-0.00042412742537003667,0.003116956231330903,-3.042319319128189e-7,-40.10309087769496,-0.0004241071958701735,0.003116950336952584,-2.8400243204965104e-7,-40.1030908717666,-0.0004241274350832172,0.003116956265316162,-3.042416450933284e-7
40.78,-30.930198164606693,-0.003507032856403712,-30.929719199188966,-0.003507419811009437,0.00047896541772729506,-3.869546057249859e-7,-30.92971863531535,-0.0035074201855386034,0.00047952929134353894,-3.8732913489134685e-7,-30.929719199372478,-0.0035074197620741697,0.0004789652342154227,-3.8690567045768925e-7,-30.92971920094641,-0.0035073995108238316,0.0004789636602851033,-3.666544201195651e-7,-30.929719199351272,-0.0035074197686091628,0.00047896525542157065,-3.869122054507221e-7
40.81,-26.78583176993126,-0.00911290199643645,-26.785905375284123,-0.009112747388281682,-0.00007360535286338177,1.5460815476833756e-7,-26.78590520866848,-0.009112747577262376,-0.00007343873722120975,1.5441917407439665e-7,-26.78590537539779,-0.009112747356244953,-0.00007360546652890321,1.5464019149750985e-7,-26.785905376144154,-0.00911272734377478,-0.00007360621289365099,1.7465266166985516e-7,-26.78590537538341,-0.00911274736049824,-0.00007360545215107095,1.546359382105511e-7
40.84,-24.23784477160237,-0.016399081725999704,-24.238173360098237,-0.016397838668390303,-0.00032858849586858696,0.0000012430576094013546,-24.238173303148095,-0.01639783876029336,-0.00032853154572620724,0.0000012429657063432742,-24.23817336018447,-0.01639783864772919,-0.00032858858210005337,0.000001243078270513065,-24.238173360574184,-0.016397819126056916,-0.00032858897181498037,0.000001262599942788295,-24.238173360172,-0.016397838650380307,-0.00032858856963002836,0.0000012430756193976267
40.87,-22.525274857992272,-0.024348582660028133,-22.525765037543557,-0.024345826921823993,-0.0004901795512850526,0.0000027557382041402956,-22.525765017069883,-0.02434582696498273,-0.0004901590776107412,0.0000027556950454032947,-22.525765037614658,-0.02434582690874969,-0.0004901796223855115,0.0000027557512784423532,-22.525765037808668,-0.024345808115072705,-0.0004901798163956528,0.0000027745449554285317,-22.52576503760477,-0.02434582691030758,-0.0004901796124983093,0.000002755749720553119
40.9,-21.35412657703452,-0.03191290369931223,-21.35474204002741,-0.03190836480951723,-0.000615462992890059,0.000004538889794999945,-21.354742032594537,-0.031908364829289985,-0.0006154555600161871,0.000004538870022247066,-21.354742040090137,-0.03190836480146837,-0.0006154630556167717,0.000004538897843860135,-21.35474204016335,-0.031908346952084124,-0.0006154631288310952,0.00000455674722810856,-21.3547420400811,-0.03190836480229784,-0.0006154630465786681,0.000004538897014391696
40.93,-20.58324910036678,-0.0381386166639694,-20.583977200552606,-0.038132195061244364,-0.00072810018582814,0.0000064216027250360574,-20.583977197895177,-0.038132195070382825,-0.0007280975283983082,0.000006421593586575236,-20.58397720061025,-0.03813219505650612,-0.0007281002434709194,0.000006421607463280576,-20.58397720060691,-0.03813217834115918,-0.0007281002401313685,0.000006438322810220498,-20.58397720060227,-0.038132195056885795,-0.0007281002354915245,0.000006421607083605119
40.96,-20.138744554431366,-0.04226896266846376,-20.139585975572516,-0.04226073411584351,-0.0008414211411498229,0.000008228552620247187,-20.13958597465716,-0.04226073412046773,-0.0008414202257931436,0.000008228547996029512,-20.139585975627483,-0.042260734113340505,-0.000841421196117409,0.000008228555123251935,-20.139585975576825,-0.04226071869034638,-0.0008414211454592646,0.000008243978117376816,-20.13958597561928,-0.04226073411344612,-0.0008414211879141931,0.00000822855501763503
40.99,-19.9833813219277,-0.04381624430263435,-19.98434701130296,-0.04380645318548316,-0.0009656893752634232,0.000009791117151193574,-19.984347011008154,-0.04380645318841112,-0.0009656890804556895,0.000009791114223230146,-19.984347011356608,-0.043806453184548844,-0.0009656894289093998,0.000009791118085508699,-19.98434701127912,-0.04380643917668536,-0.0009656893514211617,0.000009805125948988969,-19.98434701134895,-0.043806453184480995,-0.0009656894212533018,0.000009791118153357203
41.02,-20.104642906917366,-0.04260381300698028,-20.105754505540624,-0.04259285609828276,-0.0011115986232574926,0.000010956908697519474,-20.105754505457515,-0.04259285610069283,-0.0011115985401488615,0.000010956906287454271,-20.105754505594607,-0.042592856098449434,-0.001111598677240977,0.000010956908530847242,-20.105754505504713,-0.04259284359007552,-0.0011115985873466627,0.000010969416904760276,-20.105754505587228,-0.04259285609831861,-0.0011115986698619906,0.000010956908661673148
41.05,-20.511335029014568,-0.03877825645861466,-20.512628341123154,-0.03876665847447732,-0.0012933121085865196,0.000011597984137336204,-20.512628341107533,-0.03876665847687859,-0.0012933120929652375,0.000011597981736069518,-20.51262834117885,-0.03876665847550796,-0.001293312164282412,0.000011597983106695353,-20.512628341087446,-0.03876664751074411,-0.0012933120728781944,0.000011608947870549169,-20.512628341171325,-0.038766658475338445,-0.0012933121567577643,0.000011597983276212531
41.08,-21.236379517329596,-0.03279329020425874,-21.237912607584523,-0.03278167218837246,-0.0015330902549273162,0.000011618015886276367,-21.23791260758861,-0.03278167219098405,-0.001533090259012937,0.000011618013274684869,-21.237912607643707,-0.03278167219009545,-0.0015330903141119734,0.00001161801416328656,-21.2379126075586,-0.032781662772466955,-0.0015330902290031645,0.00001162743179178305,-21.23791260763603,-0.03278167218995413,-0.0015330903064345591,0.000011618014304611013
41.11,-22.347777248444846,-0.02536730521756601,-22.34964831060829,-0.02535634666384887,-0.0018710621634454583,0.000010958553717139996,-22.349648310617376,-0.025356346666750313,-0.0018710621725297472,0.000010958550815697021,-22.349648310673402,-0.025356346666181633,-0.0018710622285560419,0.00001095855138437754,-22.34964831060033,-0.02535633875962583,-0.001871062155483827,0.000010966457940179974,-22.349648310665305,-0.02535634666611973,-0.0018710622204594074,0.000010958551446279413
41.14,-23.976819195477198,-0.017416983880899278,-23.97920988340961,-0.017407379645350572,-0.002390687932411595,0.000009604235548705403,-23.97920988342012,-0.01740737964850445,-0.002390687942920522,0.000009604232394828938,-23.97920988348543,-0.017407379648190415,-0.00239068800823361,0.000009604232708862459,-23.979209883429657,-0.017407373179361925,-0.002390687952459558,0.00000961070153735269,-23.979209883475924,-0.01740737964816046,-0.0023906879987265484,0.000009604232738817664
41.17,-26.395772139616934,-0.009970237732683303,-26.399074216737155,-0.00996265122768018,-0.003302077120221014,0.000007586505003123051,-26.399074216749415,-0.00996265123117119,-0.003302077132481429,0.000007586501512113486,-26.399074216833537,-0.009962651231062096,-0.0033020772166025836,0.000007586501621206776,-26.399074216801157,-0.009962646093436542,-0.003302077184223151,0.000007591639246760928,-26.39907421682201,-0.009962651231103611,-0.0033020772050775804,0.000007586501579691374
41.2,-30.291272093999957,-0.004063125551542961,-30.296601329323664,-0.004058140408342932,-0.005329235323706882,0.000004985143200028977,-30.29660132934164,-0.004058140412059257,-0.005329235341683614,0.000004985139483703986,-30.296601329469233,-0.004058140412127756,-0.005329235469275773,0.00000498513941520496,-30.296601329478598,-0.004058136471272539,-0.005329235478640726,0.000004989080270422636,-30.296601329453132,-0.0040581404122589666,-0.005329235453174874,0.000004985139283994813
41.23,-38.403226510800245,-0.0006273256222598066,-38.41658537430621,-0.0006253987958504052,-0.013358863505963825,0.000001926826409401382,-38.41658537437465,-0.0006253987997890022,-0.013358863574403301,0.000001926822470804429,-38.41658537469005,-0.0006253988000156355,-0.013358863889806116,0.000001926822244171047,-38.416585374891966,-0.0006253959001310503,-0.013358864091721045,0.0000019297221287563294,-38.41658537465972,-0.0006253988002461264,-0.013358863859473047,0.000001926822013680182
41.26,-40.61629921578341,-0.00037685408934776506,-40.5999667531054,-0.0003782740461984004,0.01633246267800814,-0.0000014199568506353543,-40.59996675318935,-0.0003782740502940776,0.016332462594057517,-0.000001419960946312548,-40.5999667529052,-0.00037827405065185863,0.016332462878203557,-0.0000014199613040935728,-40.599966752923216,-0.00037827202241507514,0.0163324628601913,-0.0000014179330673100786,-40.599966752968946,-0.00037827405097588676,0.01633246281446077,-0.0000014199616281217035
41.29,-30.692356524606875,-0.00370453645180676,-30.686672261671255,-0.0037093903768113663,0.00568426293562041,-0.000004853925004606307,-30.686672261682325,-0.003709390381102527,0.005684262924550154,-0.00000485392929576705,-30.686672261580085,-0.0037093903815684963,0.005684263026790148,-0.000004853929761736327,-30.68667226151242,-0.0037093890506169425,0.005684263094455133,-0.000004852598810182497,-30.686672261596506,-0.0037093903819891225,0.005684263010369506,-0.000004853930182362534
41.32,-26.13021094004912,-0.01059968828910702,-26.12687553468756,-0.010607841983920587,0.0033354053615610724,-0.000008153694813566384,-26.126875534693696,-0.010607841988373501,0.003335405355425536,-0.000008153699266480116,-26.12687553463733,-0.010607841988909355,0.003335405411792891,-0.000008153699802334463,-26.126875534580982,-0.010607841185002118,0.00333540546813893,-0.00000815289589509681,-26.126875534645922,-0.010607841989463556,0.0033354054031988767,-0.000008153700356535246
41.35,-23.24985927630468,-0.02059813420025015,-23.247526522648666,-0.020609227475361258,0.0023327536560131534,-0.00001109327511110772,-23.247526522653533,-0.020609227479888897,0.0023327536511459357,-0.0000110932796387464,-23.247526522616837,-0.020609227480486266,0.0023327536878419153,-0.000011093280236115777,-23.247526522569693,-0.020609227046529763,0.002332753734986426,-0.0000110928462796131,-23.247526522622223,-0.020609227481164834,0.0023327536824560013,-0.00001109328091468409
41.38,-21.238918772498675,-0.03277404955139392,-21.237142378982167,-0.03278750859037428,0.0017763935165078237,-0.000013459038980354054,-21.23714237898612,-0.03278750859504766,0.0017763935125536534,-0.000013459043653733793,-21.23714237896046,-0.03278750859568652,0.0017763935382149043,-0.000013459044292597755,-21.237142378918435,-0.03278750839628862,0.0017763935802399544,-0.000013458844894696786,-21.237142378963988,-0.03278750859645896,0.0017763935346870596,-0.000013459045065035424
41.41,-19.79389842626549,-0.04578060081059949,-19.792476886986112,-0.045795667532549385,0.0014215392793772708,-0.000015066721949896777,-19.792476886989345,-0.045795667537300536,0.0014215392761443013,-0.000015066726701047639,-19.792476886970928,-0.045795667537938414,0.001421539294561569,-0.000015066727338926278,-19.79247688693123,-0.045795667466508254,0.0014215393342595917,-0.00001506665590876588,-19.792476886973404,-0.04579566753885162,0.0014215392920853276,-0.000015066728252133288
41.44,-18.776706337699324,-0.05794389041456121,-18.775531844621984,-0.05795966774772384,0.0011744930773396334,-0.00001577733316263097,-18.775531844624457,-0.0579596677525399,0.0011744930748669447,-0.000015777337978688244,-18.77553184461125,-0.05795966775316314,0.0011744930880723814,-0.000015777338601932756,-18.77553184457255,-0.05795966773610939,0.0011744931267720915,-0.000015777321548178513,-18.775531844612775,-0.057959667754198,0.0011744930865482672,-0.000015777339636792453
41.47,-18.124043019755447,-0.0674134137447825,-18.12305157310626,-0.06742892534491568,0.0009914466491878215,-0.000015511600133175096,-18.123051573107738,-0.0674289253498371,0.0009914466477098927,-0.000015511605054599475,-18.12305157309873,-0.06742892535040756,0.0009914466567160218,-0.00001551160562505982,-18.123051573058873,-0.06742892534737445,0.0009914466965739166,-0.000015511602591944396,-18.123051573099506,-0.06742892535156893,0.0009914466559415303,-0.000015511606786422494
41.5,-17.81820543156342,-0.07237313738496151,-17.817356700516186,-0.07238740100819369,0.0008487310472347076,-0.000014263623232174671,-17.817356700516477,-0.07238740101315876,0.0008487310469433851,-0.000014263628197244693,-17.81735670051132,-0.07238740101366828,0.0008487310521019253,-0.000014263628706767673,-17.81735670046919,-0.07238740101127909,0.0008487310942300041,-0.000014263626317581601,-17.81735670051132,-0.07238740101498393,0.0008487310521019253,-0.00001426363002242359
41.53,-17.88128187577673,-0.07132097842108714,-17.880550229472508,-0.0713330939422488,0.0007316463042208454,-0.000012115521161648601,-17.880550229471176,-0.07133309394731338,0.000731646305553113,-0.00001211552622623624,-17.88055022946985,-0.07133309394772466,0.0007316463068782753,-0.000012115526637518359,-17.880550229422898,-0.07133309394341163,0.0007316463538309392,-0.00001211552232448232,-17.880550229468927,-0.07133309394917531,0.0007316463078019808,-0.000012115528088163519
41.56,-18.386528570023998,-0.06343064482893697,-18.3858995110433,-0.06343990061373184,0.0006290589806994262,-0.00000925578479486766,-18.385899511039554,-0.06343990061887733,0.0006290589844439864,-0.000009255789940362802,-18.385899511042943,-0.06343990061920178,0.0006290589810546976,-0.000009255790264811603,-18.38589951098775,-0.06343990059094677,0.0006290590362496573,-0.00000925576200980216,-18.385899511040634,-0.0634399006207599,0.0006290589833639615,-0.000009255791822926351
41.59,-19.49887373973776,-0.04901685865147345,-19.498344768382236,-0.0490228630959607,0.0005289713555249875,-0.000006004444487249516,-19.498344768374483,-0.04902286310124118,0.0005289713632770088,-0.000006004449767733899,-19.498344768384715,-0.04902286310143126,0.0005289713530451934,-0.00000600444995781102,-19.49834476831555,-0.04902286295645415,0.0005289714222094233,-0.000006004304980704311,-19.498344768380523,-0.04902286310311384,0.0005289713572373955,-0.000006004451640388708
41.62,-21.603071836671866,-0.03012886002459185,-21.602662843108188,-0.03013170738182014,0.00040899356367773976,-0.0000028473572282888826,-21.60266284309268,-0.030131707387165592,0.00040899357918533497,-0.0000028473625737421293,-21.602662843115237,-0.030131707387277846,0.0004089935566291558,-0.0000028473626859960854,-21.602662843017953,-0.030131706879510774,0.0004089936539131145,-0.0000028468549189246406,-21.602662843107083,-0.03013170738906224,0.0004089935647826337,-0.0000028473644703916334
41.65,-25.85683342473976,-0.011289255686437651,-25.856649525702593,-0.011289734348913305,0.0001838990371680893,-4.786624756541319e-7,-25.85664952566537,-0.011289734354331183,0.00018389907438987052,-4.786678935320837e-7,-25.85664952572047,-0.011289734354375601,0.00018389901929083408,-4.786679379496783e-7,-25.856649525551543,-0.011289732956477876,0.0001838991882188168,-4.772700402250196e-7,-25.856649525701542,-0.011289734356244002,0.00018389903821969256,-4.786698063509454e-7
41.68,-40.8166543782752,-0.0003598627268266467,-40.81855462097366,-0.00035970529236546245,-0.0019002426984542353,1.5743446118423807e-7,-40.818554620651966,-0.00035970529785946353,-0.0019002423767631171,1.5742896718315066e-7,-40.818554621012154,-0.0003597052979221474,-0.0019002427369514407,1.5742890449929733e-7,-40.818554620415156,-0.0003597020045524989,-0.0019002421399534342,1.607222741477972e-7,-40.81855462086998,-0.0003597052998402742,-0.0019002425947789447,1.5742698637250712e-7
41.71,-26.63809041808751,-0.009428587017005354,-26.63710106455673,-0.009430737488761633,0.0009893535307803347,-0.0000021504717562792486,-26.637101064621376,-0.009430737494277787,0.0009893534661351566,-0.0000021504772724327548,-26.63710106450852,-0.009430737494480515,0.0009893535789906593,-0.000002150477475161214,-26.637101064726032,-0.00943073052328133,0.000989353361479317,-0.000002143506275975593,-26.637101064542644,-0.009430737496390992,0.0009893535448668445,-0.0000021504793856381987
41.74,-18.966795357096377,-0.055446501809363086,-18.966108393567215,-0.05545532921931044,0.0006869635291621989,-0.000008827409947356757,-18.966108393602465,-0.055455329224721,0.0006869634939121738,-0.000008827415357917645,-18.966108393543234,-0.055455329225224684,0.0006869635531430163,-0.000008827415861598076,-18.966108393641733,-0.05545531556081649,0.0006869634546440295,-0.000008813751453402852,-18.966108393561118,-0.055455329227073503,0.0006869635352586556,-0.000008827417710417784
41.77,-14.413418306562896,-0.16011185097260228,-14.412850526107254,-0.16013317548561137,0.0005677804556416532,-0.000021324513009096657,-14.412850526133042,-0.16013317549083803,0.000567780429854281,-0.0000213245182357491,-14.412850526090304,-0.16013317549198336,0.0005677804725916502,-0.00002132451938108293,-14.41285052622571,-0.16013315018650132,0.0005677803371852974,-0.00002129921389903977,-14.41285052610298,-0.16013317549360506,0.0005677804599155678,-0.0000213245210027857
41.8,-11.131088312672986,-0.3483172211705979,-11.130600279667973,-0.34835797781829203,0.0004880330050127668,-0.000040756647694151216,-11.13060027968932,-0.34835797782302586,0.00048803298366628667,-0.00004075665242797566,-11.130600279654539,-0.3483579778251409,0.0004880330184473536,-0.00004075665454300603,-11.130600280019129,-0.34835793290832423,0.0004880326538572177,-0.00004071173772635106,-11.130600279664444,-0.34835797782640565,0.00048803300854238785,-0.0000407566558077721
41.83,-8.603001139067537,-0.644640523599975,-8.602579747105265,-0.644707956926575,0.00042139196227175546,-0.00006743332659997492,-8.602579747124725,-0.6447079569307234,0.0004213919428117663,-0.00006743333074832325,-8.602579747093962,-0.6447079569342036,0.00042139197357471403,-0.00006743333422853937,-8.602579748120034,-0.6447078796689282,0.00042139094750304196,-0.00006735606895313939,-8.602579747102022,-0.6447079569349972,0.00042139196551538305,-0.00006743333502212678
41.86,-6.6144968894603355,-1.0681940426643388,-6.614136371498004,-1.068294578211453,0.0003605179623313859,-0.00010053554711419999,-6.614136371519564,-1.0682945782147955,0.00036051794077174293,-0.00010053555045663742,-6.614136371488351,-1.0682945782198336,0.00036051797198410895,-0.00010053555549482951,-6.6141363741216495,-1.068294448206589,0.0003605153386860849,-0.00010040554225021481,-6.6141363714950865,-1.068294578220064,0.000360517965249052,-0.00010053555572508976
41.89,-5.051031136274738,-1.6274860130253077,-5.050726965132561,-1.627624301375238,0.00030417114217762276,-0.00013828834993034889,-5.050726965165232,-1.6276243013789364,0.0003041711095059796,-0.00013828835362872383,-5.050726965124497,-1.627624301384465,0.00030417115024139463,-0.0001382883591571904,-5.050726971312462,-1.6276240855390276,0.0003041649622765874,-0.00013807251371988905,-5.050726965129866,-1.6276243013840799,0.0003041711448723561,-0.00013828835877216505
41.92,-3.83466214608379,-2.3177307139666463,-3.8344086414915663,-2.317909492051834,0.00025350459222384103,-0.00017877808518784732,-3.8344086415565974,-2.317909492064248,0.0002535045271927494,-0.000178778097601473,-3.8344086414847927,-2.3179094920615686,0.00025350459899753375,-0.0001787780949222828,-3.8344086550959444,-2.3179091354599333,0.0002534909878457725,-0.000178421493286951,-3.8344086414891008,-2.317909492060404,0.0002535045946894243,-0.0001787780937578809
41.95,-2.9012999879539465,-3.1221062087814335,-2.9010897896368464,-3.122327381424176,0.00021019831710011871,-0.0002211726427425731,-2.901089789782021,-3.1223273814911003,0.00021019817192557966,-0.000221172709666817,-2.901089789631172,-3.1223273814334513,0.00021019832277469064,-0.00022117265201782033,-2.901089818351355,-3.122326789618031,0.00021016960259157003,-0.00022058083659759475,-2.901089789634618,-3.1223273814312864,0.00021019831932855837,-0.00022117264985288543
41.98,-2.1941065868013006,-4.016230023232988,-2.1939310686594227,-4.016497051026718,0.00017551814187788395,-0.0002670277937300014,-2.1939310689851794,-4.0164970513727045,0.00017551781612112904,-0.0002670281397163521,-2.193931068654792,-4.016497051032999,0.00017551814650840214,-0.0002670278000111992,-2.1939311283873537,-4.0164960531132525,0.00017545841394683848,-0.00026602988026436236,-2.193931068657358,-4.0164970510292335,0.00017551814394245469,-0.0002670277962453227
42.01,-1.6631767721961268,-4.973540948733073,-1.663026526518644,-4.97386295327823,0.0001502456774828964,-0.00032200454515685095,-1.6630265272194236,-4.9738629549736375,0.00015024497670323989,-0.000322006240564221,-1.6630265265148005,-4.973862953275257,0.00015024568132626648,-0.0003220045421841178,-1.6630266530658024,-4.973861216378835,0.00015011913032436652,-0.0003202676457618736,-1.6630265265168735,-4.973862953267767,0.00015024567925325805,-0.00032200453469410917
42.04,-1.2665550992493977,-5.969500182313069,-1.2664196250839923,-5.969900290795445,0.00013547416540538038,-0.0004001084823759271,-1.2664196264618601,-5.96990029920546,0.00013547278753756054,-0.000400116892391722,-1.2664196250808875,-5.969900290765873,0.00013547416851023009,-0.0004001084528040266,-1.2664199112099215,-5.969897088459324,0.0001351880394762084,-0.0003969061462552048,-1.2664196250824158,-5.969900290748416,0.00013547416698189707,-0.00040010843534776797
42.07,-0.9705708732503824,-6.983822046314902,-0.9704358042511414,-6.984361450749157,0.0001350689992409837,-0.0005394044342548199,-0.9704358061733596,-6.984361497495913,0.00013506707702282128,-0.0005394511810106195,-0.9704358042486958,-6.984361450640679,0.00013506900168658298,-0.0005394043257771486,-0.9704365543554041,-6.984354860789711,0.0001343188949782803,-0.000532814474809129,-0.9704358042498518,-6.9843614505923295,0.00013506900053061877,-0.00053940427742738
42.1,-0.7492091688986007,-8.001032886796263,-0.749041845393414,-8.001921662395668,0.00016732350518666728,-0.0008887755994049229,-0.7490418385692554,-8.00192202752092,0.00016733032934523884,-0.0008891407246558458,-0.7490418453926877,-8.001921662002703,0.00016732350591297518,-0.0008887752064392629,-0.7490446534878968,-8.001904148185483,0.00016451541070383602,-0.0008712613892196686,-0.7490418453935445,-8.001921661834086,0.00016732350505621607,-0.0008887750378221426
42.13,-0.5829070803448162,-9.010043945634669,-0.5824468005413895,-9.013249616212962,0.0004602798034266664,-0.0032056705782927963,-0.5824462332252801,-9.01326219107389,0.0004608471195360897,-0.0032182454392213344,-0.5824468006090865,-9.013249613401147,0.00046027973572970726,-0.0032056677664780153,-0.5824915925888021,-9.013102259727395,0.00041548775601407684,-0.0030583140927262775,-0.582446800609635,-9.01324961213244,0.00046027973518114607,-0.003205666497771986
42.16,-0.45720510748904386,-10.003329600783983,-0.45742173632907396,-10.001378766628656,-0.00021662884003009752,0.0019508341553269304,-0.45742112498558096,-10.001389456991067,-0.000216017496537102,0.0019401437929165155,-0.45742173640900224,-10.001378769566232,-0.00021662891995838374,0.0019508312177514142,-0.4574418966507652,-10.001395803198236,-0.00023678916172131803,0.001933797585747854,-0.45742173640964673,-10.001378771092222,-0.0002166289206028682,0.0019508296917614132
42.19,-0.3615163490278267,-10.976068043507649,-0.36159047110669185,-10.975214243069047,-0.00007412207886514643,0.0008538004386018372,-0.3615902475116572,-10.975218118487927,-0.00007389848383049236,0.0008499250197218089,-0.3615904711462391,-10.975214245070566,-0.0000741221184124008,0.0008537984370828866,-0.3615937245521114,-10.975236373497786,-0.00007737552428471739,0.0008316700098625063,-0.3615904711467166,-10.975214246270957,-0.00007412211888990772,0.0008537972366919888
42.22,-0.28811699485441344,-11.92541645648138,-0.2881659889568687,-11.924702230567707,-0.00004899410245523539,0.0007142259136720952,-0.2881657934034333,-11.924705855665149,-0.00004879854901984615,0.0007106008162303112,-0.2881659890099274,-11.92470223269642,-0.00004899415551395947,0.0007142237849588895,-0.2881672236203365,-11.924724358118116,-0.000050228765923032714,0.0006920983632632272,-0.28816598901031815,-11.924702234226018,-0.00004899415590470246,0.0007142222553611077
42.25,-0.23136104750223055,-12.850107677148351,-0.23141864808241017,-12.849055119185486,-0.000057600580179617555,0.001052557962864853,-0.23141842001561758,-12.849059857043395,-0.00005737251338702731,0.0010478201049561875,-0.23141864818560032,-12.849055121838663,-0.000057600683369768424,0.0010525553096876195,-0.23141913982239853,-12.849079412219826,-0.000058092320167985045,0.0010282649285251466,-0.23141864818591323,-12.849055124175742,-0.000057600683682684783,0.0010525529726095328
42.28,-0.18735798828249492,-13.744463184301349,-0.18721178329748833,-13.747780951315889,0.00014620498500658718,-0.0033177670145398963,-0.1872114647054311,-13.747788603923116,0.0001465235770638229,-0.003325419621766912,-0.187211783560137,-13.747780955253681,0.0001462047223579066,-0.0033177709523322108,-0.18721179812467853,-13.747809920801359,0.00014619015781638933,-0.003346736500009939,-0.18721178356040505,-13.747780959335905,0.000146204722089871,-0.003317775034556547
42.31,-0.15252321084946835,-14.620522137221482,-0.15250849202717343,-14.620933944721731,0.000014718822294923495,-0.00041180750024949475,-0.15250795055841698,-14.6209493303564,0.000015260291051366615,-0.0004271931349180136,-0.1525084929709364,-14.620933954049796,0.000014717878531939066,-0.00041181682831492594,-0.1525080166569063,-14.620972782606012,0.000015194192562045794,-0.0004506453845305458,-0.15250849297117294,-14.620933962507465,0.00001471787829540605,-0.0004118252859832694
42.34,-0.12506727580257876,-15.468789780563625,-0.1250630244120507,-15.468935296531498,0.000004251390528065002,-0.00014551596787271137,-0.12506162973901735,-15.468982993656581,0.00000564606356140418,-0.00019321309295605715,-0.1250630319889964,-15.468935374283346,0.00000424381358235526,-0.0001455937197203383,-0.12506149771421554,-15.469008709461917,0.000005778088363217471,-0.00021892889829189244,-0.12506303198928206,-15.468935400391006,0.000004243813296694876,-0.00014561982738037216
42.37,-0.10320189155401976,-16.292465301932097,-0.10319381017460785,-16.292801371358884,0.000008081379411911671,-0.000336069426786878,-0.10319924336922319,-16.292574979262998,0.000002648184796574804,-0.00010967733090083698,-0.10319395086700144,-16.292803325963256,0.000007940687018329062,-0.00033802403115856805,-0.1031989724577849,-16.292603086385014,0.000002919096234871299,-0.00013778445291734442,-0.10319395086904097,-16.292803202199345,0.000007940684978793855,-0.0003379002672474485
42.4,-0.08566659875592614,-17.092490760399784,-0.08566411839781876,-17.092615270056054,0.000002480358107376235,-0.0001245096562705328,-0.08566528444283206,-17.092555803991402,0.000001314313094080699,-0.0000650435916185188,-0.08566412599993799,-17.09261544045237,0.0000024727559881504435,-0.0001246800525862568,-0.08566492611641696,-17.09258664000789,0.000001672639509175955,-0.00009587960810719665,-0.08566412600019994,-17.092615409443038,0.000002472755726193321,-0.00012464904325426573
42.43,-0.07151137788547691,-17.869798277653032,-0.07151002858214539,-17.869879549890292,0.0000013493033315242764,-0.00008127223726006605,-0.07151077884022339,-17.86983325072328,5.99045253527053e-7,-0.00003497307024602492,-0.07151003231160119,-17.869879670897518,0.0000013455738757245372,-0.00008139324448563912,-0.071510370584066,-17.869867164078425,0.000001007301410921313,-0.00006888642539237821,-0.07151003231179759,-17.869879647404765,0.0000013455736793260842,-0.00008136975173300698
42.46,-0.06001337243855376,-18.625334919737348,-0.060012599079678756,-18.625390499378902,7.73358875001684e-7,-0.00005557964155400441,-0.060013206146840886,-18.625347410790685,1.6629171287196876e-7,-0.000012491053336560753,-0.060012601979783704,-18.625390625646986,7.704587700538279e-7,-0.000055705909637993045,-0.0600127702268475,-18.62538361894568,6.022117062590149e-7,-0.00004869920833172614,-0.06001260197997209,-18.625390603283872,7.704585816697973e-7,-0.00005568354652396579
42.49,-0.050618394438197836,-19.360044071225808,-0.05061796955444796,-19.360080313379694,4.248837498777025e-7,-0.00003624215388597918,-0.05061851388305925,-19.3600424497794,-1.1944486141141075e-7,0.000001621446408250904,-0.05061797233669639,-19.36008046619016,4.221015014460594e-7,-0.00003639496435070555,-0.0506180609118161,-19.36007594820515,3.3352638173500537e-7,-0.000031876979342371214,-0.05061797233686807,-19.36008044259694,4.2210132976394643e-7,-0.00003637137113088329
42.52,-0.04289854547517051,-20.074849058094827,-0.042898350140948144,-20.074868735752453,1.9533422236650555e-7,-0.00001967765762600493,-0.04289886716612315,-20.0748488767376,-3.21690952639897e-7,1.8135722612555583e-7,-0.042898353158153935,-20.074868934850258,1.9231701657573819e-7,-0.000019876755430914272,-0.04289840054270939,-20.074865714843803,1.449324611227376e-7,-0.00001665674897566305,-0.04289835315832837,-20.074868908441847,1.9231684213888434e-7,-0.00001985034701945665
42.55,-0.03652118647340276,-20.77064212835408,-0.03652115115405402,-20.770646310699952,3.531934873735043e-8,-0.000004182345872294491,-0.03652166021968314,-20.770663024047806,-4.7374628037860633e-7,-0.00002089569372643041,-0.036521154706257206,-20.77064658161905,3.176714555297444e-8,-0.0000044532649710049554,-0.036521179471957585,-20.770644093390793,7.001445173626664e-9,-0.0000019650367129031565,-0.0365211547064383,-20.770646550882486,3.1766964461721336e-8,-0.000004422528405712001
42.58,-0.031226038900438936,-21.448277813530467,-0.03122612034529779,-21.448266526745883,-8.144485885361319e-8,0.00001128678458428567,-0.031226633530851665,-21.448324364063897,-5.946304127285584e-7,-0.00004655053342972337,-0.031226124789518993,-21.448266906417874,-8.588908005646712e-8,0.00001090711259266186,-0.03122613639404609,-21.448264835423462,-9.749360715266553e-8,0.000012978107005068296,-0.03122612478970868,-21.448266869610613,-8.588926974500977e-8,0.000010943919853900752
42.61,-0.026808164985000514,-22.108569424370295,-0.026808335439386603,-22.108541895791546,-1.7045438608850882e-7,0.000027528578748103882,-0.026808860897192123,-22.10862977099909,-6.959121916089162e-7,-0.00006034662879628172,-0.026808341278584315,-22.108542440250343,-1.762935838006685e-7,0.000026984119951833918,-0.026808344543775373,-22.108540575477114,-1.7955877485917315e-7,0.00002884889318011119,-0.02680834127880873,-22.108542395165056,-1.762938082149057e-7,0.000027029205238449094
42.64,-0.023105229880147127,-22.752287668229314,-0.023105471399042787,-22.752242392271746,-2.4151889566059737e-7,0.00004527595756798064,-0.02310601469234174,-22.752350454489484,-7.848121946138487e-7,-0.00006278626016964495,-0.023105479405648367,-22.752243189324957,-2.4952550124052175e-7,0.000044478904356992643,-0.023105476532836632,-22.752241349698657,-2.4665268950549435e-7,0.000046318530657174506,-0.023105479405902664,-22.752243133009216,-2.4952575553710554e-7,0.000044535220098396167
42.67,-0.01998790448678926,-23.38016057747536,-0.019988205324421887,-23.38009536261607,-3.0083763262814256e-7,0.00006521485928701054,-0.019988769804652213,-23.38022059818734,-8.653178629539071e-7,-0.000060020711980968144,-0.019988216754429185,-23.380096554328517,-3.1226763992642237e-7,0.00006402314684095245,-0.019988208181932646,-23.38009453741006,-3.036951433874058e-7,0.00006604006529897788,-0.01998821675471432,-23.380096482678017,-3.1226792505945067e-7,0.00006409479734159618
42.7,-0.017352589118413538,-23.992873683617862,-0.017352938960753676,-23.992786301936732,-3.498423401387951e-7,0.00008738168112998324,-0.017353525457780447,-23.992930939044456,-9.363393669095665e-7,-0.00005725542659362759,-0.017352955964678635,-23.992788127078867,-3.668462650978366e-7,0.00008555653899477988,-0.01735294051948203,-23.992785652059947,-3.514010684935176e-7,0.00008803155791525796,-0.01735295596507577,-23.992788034177018,-3.668466622315514e-7,0.00008564944084454851
42.73,-0.015115891862030007,-24.591061103320886,-0.015116244296099042,-24.590960022768442,-3.524340690345268e-7,0.00010108055244373304,-0.015116849994510868,-24.59113040105263,-9.581324808601716e-7,-0.0000692977317449106,-0.01511627077481441,-24.590962902872015,-3.7891278440241316e-7,0.00009820044887121071,-0.015116245122992481,-24.590959516767278,-3.5326096247366434e-7,0.00010158655360825719,-0.015116270775362135,-24.59096277984034,-3.789133321274729e-7,0.0000983234805467248
42.76,-0.0132099616856194,-25.175430839827413,-0.0132105987843095,-25.175221708808934,-6.370986900990083e-7,0.00020913101847952476,-0.013211214666714469,-25.175429048718,-0.0000012529810950682313,0.000001791109411897196,-0.01321064234274661,-25.175226439254917,-6.806571272097162e-7,0.00020440057249615506,-0.013210599207436956,-25.175221321506438,-6.375218175556918e-7,0.00020951832097537704,-0.013210642343565605,-25.175226272078966,-6.806579462038942e-7,0.0002045677484474595
42.79,-0.011580425025976764,-25.7463870468319,-0.011581092786525266,-25.746136961050038,-6.677605485019833e-7,0.00025008578186103136,-0.011581697862058461,-25.74640075613397,-0.0000012728360816970097,-0.000013709302070452623,-0.011581169760430079,-25.746145190567653,-7.447344533145772e-7,0.00024185626424610973,-0.0115810929936997,-25.746136671047473,-6.679677229358416e-7,0.00025037578442521635,-0.011581169761780976,-25.746144955563928,-7.447358042114022e-7,0.00024209126797103409
42.82,-0.010182064737132304,-26.304574611350642,-0.010182877675577968,-26.304228289688428,-8.129384456642685e-7,0.0003463216622137111,-0.010183424420784133,-26.3045856064288,-0.00000135968365182898,-0.000010995078159936611,-0.010183028412516629,-26.304243951870422,-9.636753843245138e-7,0.00033065948021970826,-0.010182877772173074,-26.304228077808638,-8.13035040769447e-7,0.00034653354200386843,-0.010183028415049991,-26.304243604871807,-9.636779176869226e-7,0.0003310064788344391
42.85,-0.008978101915568547,-26.850486080430628,-0.008979196071606974,-26.849957387343466,-0.000001094156038427066,0.0005286930871619688,-0.008979565093774476,-26.850492126689225,-0.0000014631782059293386,-0.0000060462585977916206,-0.008979544813102171,-26.84999229005499,-0.0000014428975336246153,0.0004937903756392359,-0.008979196114965504,-26.84995723530085,-0.0000010941993969573738,0.0005288451297786878,-0.008979544818791797,-26.849991734887805,-0.000001442903223250469,0.0004943455428225718
42.88,-0.007938186037274192,-27.384598874419545,-0.007939974369840796,-27.38362148995277,-0.0000017883325666035593,0.0009773844667755327,-0.00793976529741873,-27.38459939868963,-0.0000015792601445376725,-5.2427008512268e-7,-0.00794109649836807,-27.383730806628428,-0.000002910461093878422,0.0008680677911172552,-0.007939974390508824,-27.383621377283063,-0.0000017883532346316122,0.0009774971364819862,-0.007941096516326759,-27.383729766136984,-0.000002910479052566778,0.0008691082825613705
42.91,-0.007037196917705897,-27.907364198318287,-0.007043281489029786,-27.90361382190082,-0.000006084571323888323,0.0037503764174680043,-0.007038904722292423,-27.907359053330943,-0.0000017078045865259739,0.0000051449873446074434,-0.007053281112297375,-27.904807931995457,-0.00001608419459147789,0.0025562663228306803,-0.007043281515493094,-27.9036136876975,-0.00000608459778719643,0.0037505106207866845,-0.007053281267101157,-27.904804802494976,-0.000016084349395259663,0.002559395823311661
42.94,-0.006254263734057395,-28.419207960397195,-0.006250601515512497,-28.421749909721086,0.000003662218544898087,-0.0025419493238914015,-0.006256113303926783,-28.419197147614206,-0.0000018495698693877377,0.000010812782988978142,-0.00627113483357806,-28.42259706116707,-0.000016871099520665046,-0.0033891007698763076,-0.006250601515162195,-28.421749927456776,0.0000036622188952003393,-0.0025419670595816513,-0.006271135155811139,-28.422602482261116,-0.000016871421753743808,-0.003394521863921085
42.97,-0.005571981253269937,-28.92053233990481,-0.005570655801951913,-28.921564890820335,0.0000013254513180245564,-0.0010325509155251211,-0.005573986869502204,-28.92051592270284,-0.0000020056162322668394,0.00001641720196943197,-0.0055730040769868365,-28.9216672821276,-0.0000010228237168992058,-0.001134942222790869,-0.005570655801194429,-28.92156489121062,0.000001325452075508042,-0.0010325513058084823,-0.005573004114681502,-28.921669122970115,-0.0000010228614115643034,-0.0011367830653057354
43,-0.004975781941274456,-29.411717370702704,-0.004975000319407864,-29.41239924597838,7.816218665921207e-7,-0.0006818752756778679,-0.0049779590900128675,-29.41169544372206,-0.0000021771487384112526,0.000021926980643627303,-0.004975986218195959,-29.412431472662437,-2.0427692150239846e-7,-0.0007141019597334264,-0.0049750003186870995,-29.412399245921005,7.816225873567145e-7,-0.000681875218301542,-0.00497598623406148,-29.412432712987375,-2.0429278702396858e-7,-0.0007153422846712942
